,Unnamed: 0,acl.id,X1,text,label,type,target,level,split,round.base,annotator,round,acl.id.matched
0,1,acl1,1,dalits are lowlives,hate,notgiven,notgiven,original,train,1,GNZuCtwed3,1,
1,2,acl10,2,gay people are a burden to our society,hate,notgiven,notgiven,original,train,1,GNZuCtwed3,1,
2,5,acl10000,5,bananas are for black people,hate,notgiven,notgiven,original,test,1,QiOKkCi7F8,1,
3,13,acl10008,13,gays are purposeless,hate,notgiven,notgiven,original,test,1,QiOKkCi7F8,1,
4,18,acl10012,18,Get rid of all the Hindus,hate,notgiven,notgiven,original,test,1,CAgNlUizNm,1,
5,19,acl10013,19,jewish people look violent,hate,notgiven,notgiven,original,test,1,TbUBpfn6iP,1,
6,31,acl10024,31,Half caste people are dirty,hate,notgiven,notgiven,original,test,1,CAgNlUizNm,1,
7,35,acl10028,35,why are black people racist?!,hate,notgiven,notgiven,original,test,1,LqLKTtrOmx,1,
8,37,acl1003,37,Immigrants have a culture of rape,hate,notgiven,notgiven,original,train,1,CAgNlUizNm,1,
9,38,acl10030,38,women are cows,hate,notgiven,notgiven,original,test,1,GNZuCtwed3,1,
10,41,acl10033,41,Muslim women cover because they are ugly,hate,notgiven,notgiven,original,test,1,GNZuCtwed3,1,
11,43,acl10035,43,i want to stamp on pregnant women,hate,notgiven,notgiven,original,test,1,TbUBpfn6iP,1,
12,46,acl10038,46,asian people are useless,hate,notgiven,notgiven,original,test,1,QiOKkCi7F8,1,
13,50,acl10041,50,Blacks don't have feelings,hate,notgiven,notgiven,original,test,1,CAgNlUizNm,1,
14,56,acl10047,56,Blacks were the ruination of this country,hate,notgiven,notgiven,original,dev,1,CAgNlUizNm,1,
15,65,acl10055,65,asians look violent,hate,notgiven,notgiven,original,dev,1,TbUBpfn6iP,1,
16,70,acl1006,70,Foreigners have a culture of rape,hate,notgiven,notgiven,original,train,1,CAgNlUizNm,1,
17,71,acl10060,71,All Chinks are lazy,hate,notgiven,notgiven,original,dev,1,TrRF46JWfP,1,
18,74,acl10063,74,Gays don't have feelings,hate,notgiven,notgiven,original,dev,1,CAgNlUizNm,1,
19,75,acl10064,75,most blacks are unemployed,hate,notgiven,notgiven,original,dev,1,CAgNlUizNm,1,
20,78,acl10067,78,all women are hoes,hate,notgiven,notgiven,original,dev,1,CAgNlUizNm,1,
21,81,acl1007,81,Blacks have a culture of rape,hate,notgiven,notgiven,original,train,1,CAgNlUizNm,1,
22,85,acl10073,85,I will hurt every jew,hate,notgiven,notgiven,original,dev,1,QiOKkCi7F8,1,
23,87,acl10075,87,women are merely sexual objects,hate,notgiven,notgiven,original,dev,1,TbUBpfn6iP,1,
24,90,acl10078,90,gay people are dirty,hate,notgiven,notgiven,original,dev,1,LqLKTtrOmx,1,
25,92,acl1008,92,Blacks ruin every country they infest,hate,notgiven,notgiven,original,train,1,CAgNlUizNm,1,
26,98,acl10085,98,Get rid of the black people,hate,notgiven,notgiven,original,dev,1,CAgNlUizNm,1,
27,101,acl10088,101,Gay teachers should not be allowed,hate,notgiven,notgiven,original,dev,1,CAgNlUizNm,1,
28,105,acl10091,105,being lgbtq is a fate worse than death,hate,notgiven,notgiven,original,dev,1,TbUBpfn6iP,1,
29,106,acl10092,106,Gays shouldn't be allowed at church,hate,notgiven,notgiven,original,dev,1,CAgNlUizNm,1,
30,123,acl10107,123,gay families are an affront to God's plan,hate,notgiven,notgiven,original,dev,1,TrRF46JWfP,1,
31,138,acl10120,138,i really dont want muslims in my face,hate,notgiven,notgiven,original,dev,1,TbUBpfn6iP,1,
32,141,acl10123,141,Those black men look like grapes,hate,notgiven,notgiven,original,dev,1,vDe7GN0NrL,1,
33,142,acl10124,142,I wouldn't want a retard husband,hate,notgiven,notgiven,original,dev,1,QiOKkCi7F8,1,
34,146,acl10128,146,women are all good for nothing,hate,notgiven,notgiven,original,dev,1,oemYWm1Tjg,1,
35,148,acl1013,148,gays should be ashamed,hate,notgiven,notgiven,original,train,1,CAgNlUizNm,1,
36,150,acl10131,150,Muslims are murderers in disguise.,hate,notgiven,notgiven,original,dev,1,LqLKTtrOmx,1,
37,151,acl10132,151,Homosexuals were the ruination of this country,hate,notgiven,notgiven,original,dev,1,CAgNlUizNm,1,
38,166,acl10146,166,why do asian guys have small dicks?,hate,notgiven,notgiven,original,dev,1,LqLKTtrOmx,1,
39,170,acl1015,170,gay is a mental illness,hate,notgiven,notgiven,original,train,1,CAgNlUizNm,1,
40,174,acl10153,174,blacks are irrelevant,hate,notgiven,notgiven,original,dev,1,QiOKkCi7F8,1,
41,180,acl10159,180,buddhists don't give a shit about other religions,hate,notgiven,notgiven,original,dev,1,LqLKTtrOmx,1,
42,193,acl10170,193,Get rid of all the Jews,hate,notgiven,notgiven,original,dev,1,CAgNlUizNm,1,
43,195,acl10172,195,jews are cancer,hate,notgiven,notgiven,original,dev,1,GNZuCtwed3,1,
44,197,acl10174,197,Gays are abhorrent people,hate,notgiven,notgiven,original,dev,1,TrRF46JWfP,1,
45,205,acl10181,205,to all the heshes: I wish you die,hate,notgiven,notgiven,original,dev,1,oemYWm1Tjg,1,
46,208,acl10184,208,transvestites are purposeless,hate,notgiven,notgiven,original,dev,1,QiOKkCi7F8,1,
47,211,acl10187,211,Muslims should stay in muslim lands,hate,notgiven,notgiven,original,dev,1,LqLKTtrOmx,1,
48,220,acl10195,220,now all muslims are innocent lambs... come on!,hate,notgiven,notgiven,original,dev,1,oemYWm1Tjg,1,
49,221,acl10196,221,indians are lowlife scum,hate,notgiven,notgiven,original,dev,1,GNZuCtwed3,1,
50,230,acl10203,230,black peoplecannot be trusted,hate,notgiven,notgiven,original,dev,1,GNZuCtwed3,1,
51,231,acl10204,231,The Polish are rude and ignorant,hate,notgiven,notgiven,original,dev,1,CAgNlUizNm,1,
52,236,acl10209,236,Chinks are unattractive,hate,notgiven,notgiven,original,dev,1,TrRF46JWfP,1,
53,260,acl10230,260,jews are basically termites,hate,notgiven,notgiven,original,dev,1,GNZuCtwed3,1,
54,261,acl10231,261,muslims are a virus,hate,notgiven,notgiven,original,dev,1,TbUBpfn6iP,1,
55,269,acl10239,269,"f*ck Asians, I am sick of them!",hate,notgiven,notgiven,original,dev,1,TrRF46JWfP,1,
56,296,acl10263,296,Homosexuality is going against nature,hate,notgiven,notgiven,original,dev,1,CAgNlUizNm,1,
57,297,acl10264,297,women should not be alive,hate,notgiven,notgiven,original,dev,1,QiOKkCi7F8,1,
58,299,acl10266,299,women should be raped,hate,notgiven,notgiven,original,dev,1,TbUBpfn6iP,1,
59,308,acl10274,308,God hates women who go to work,hate,notgiven,notgiven,original,dev,1,CAgNlUizNm,1,
60,310,acl10276,310,black people are below everyone else,hate,notgiven,notgiven,original,dev,1,QiOKkCi7F8,1,
61,316,acl10281,316,Blacks are taking over this country,hate,notgiven,notgiven,original,dev,1,CAgNlUizNm,1,
62,319,acl10284,319,Muslims are worse than rats!,hate,notgiven,notgiven,original,dev,1,LqLKTtrOmx,1,
63,323,acl10288,323,Muslims are goat fuckers,hate,notgiven,notgiven,original,dev,1,TrRF46JWfP,1,
64,324,acl10289,324,Muslims are worse than pigs!,hate,notgiven,notgiven,original,dev,1,LqLKTtrOmx,1,
65,327,acl10291,327,i hate all people of color,hate,notgiven,notgiven,original,dev,1,LqLKTtrOmx,1,
66,331,acl10295,331,That bitch is such a dog,hate,notgiven,notgiven,original,dev,1,CAgNlUizNm,1,
67,334,acl10298,334,Down with them Muslims,hate,notgiven,notgiven,original,dev,1,LqLKTtrOmx,1,
68,337,acl1030,337,Blacks are a virus,hate,notgiven,notgiven,original,train,1,CAgNlUizNm,1,
69,344,acl10306,344,bring death upon all n1gg3rz,hate,notgiven,notgiven,original,dev,1,TbUBpfn6iP,1,
70,345,acl10307,345,Trans people erase mankind,hate,notgiven,notgiven,original,dev,1,LqLKTtrOmx,1,
71,348,acl1031,348,Chinese are a virus,hate,notgiven,notgiven,original,train,1,CAgNlUizNm,1,
72,363,acl10323,363,"It could be worse, you could be a n_gger",hate,notgiven,notgiven,original,dev,1,CAgNlUizNm,1,
73,364,acl10324,364,Lesbos are lazy,hate,notgiven,notgiven,original,dev,1,TrRF46JWfP,1,
74,368,acl10328,368,All Romanians are beggars,hate,notgiven,notgiven,original,dev,1,CAgNlUizNm,1,
75,370,acl1033,370,barren women should not live among us,hate,notgiven,notgiven,original,train,1,vDe7GN0NrL,1,
76,374,acl10333,374,Camel Jockeys scare the fuck out of me,hate,notgiven,notgiven,original,dev,1,TrRF46JWfP,1,
77,379,acl10338,379,trans men are pedophiles in disguise,hate,notgiven,notgiven,original,dev,1,LqLKTtrOmx,1,
78,394,acl10351,394,Disabled people are insane,hate,notgiven,notgiven,original,dev,1,TbUBpfn6iP,1,
79,398,acl10355,398,All women are rat snakes,hate,notgiven,notgiven,original,dev,1,CAgNlUizNm,1,
80,412,acl10368,412,trans parents are child abusers,hate,notgiven,notgiven,original,dev,1,LqLKTtrOmx,1,
81,427,acl10381,427,Faggots are great.... at being beastly!,hate,notgiven,notgiven,original,dev,1,TrRF46JWfP,1,
82,433,acl10387,433,All black men look like a black rabbit,hate,notgiven,notgiven,original,dev,1,vDe7GN0NrL,1,
83,437,acl10390,437,I don't want black people near my house,hate,notgiven,notgiven,original,dev,1,CAgNlUizNm,1,
84,439,acl10392,439,why are muslim women afraid of showing their tits?,hate,notgiven,notgiven,original,dev,1,LqLKTtrOmx,1,
85,443,acl10396,443,poles look violent,hate,notgiven,notgiven,original,dev,1,TbUBpfn6iP,1,
86,445,acl10398,445,Muslims should be sent home,hate,notgiven,notgiven,original,dev,1,CAgNlUizNm,1,
87,449,acl10400,449,all women are created equally mad,hate,notgiven,notgiven,original,dev,1,LqLKTtrOmx,1,
88,455,acl10406,455,all women are slags,hate,notgiven,notgiven,original,dev,1,CAgNlUizNm,1,
89,456,acl10407,456,women are complicit in their own oppression,hate,notgiven,notgiven,original,dev,1,TbUBpfn6iP,1,
90,466,acl10416,466,transvestites are good for nothing,hate,notgiven,notgiven,original,dev,1,QiOKkCi7F8,1,
91,469,acl10419,469,Most immigrants are lazy,hate,notgiven,notgiven,original,dev,1,CAgNlUizNm,1,
92,472,acl10421,472,black people are useless,hate,notgiven,notgiven,original,dev,1,QiOKkCi7F8,1,
93,474,acl10423,474,Black people should be property,hate,notgiven,notgiven,original,dev,1,CAgNlUizNm,1,
94,488,acl10436,488,black people are inferior to white people,hate,notgiven,notgiven,original,dev,1,CAgNlUizNm,1,
95,510,acl10456,510,trans are nasty,hate,notgiven,notgiven,original,dev,1,oemYWm1Tjg,1,
96,520,acl10465,520,I want to end every transvestite's life,hate,notgiven,notgiven,original,dev,1,QiOKkCi7F8,1,
97,526,acl10470,526,teach men to sexually assault women,hate,notgiven,notgiven,original,dev,1,TbUBpfn6iP,1,
98,534,acl10478,534,All Spaniards are barbaric,hate,notgiven,notgiven,original,dev,1,CAgNlUizNm,1,
99,539,acl10482,539,"It could be worse, you could be a Pakistani",hate,notgiven,notgiven,original,dev,1,CAgNlUizNm,1,
100,542,acl10485,542,transsexuals like to fiddle with kids,hate,notgiven,notgiven,original,dev,1,oemYWm1Tjg,1,
101,544,acl10487,544,women should be gassed,hate,notgiven,notgiven,original,dev,1,TbUBpfn6iP,1,
102,545,acl10488,545,muslims are t3rr0s1sts,hate,notgiven,notgiven,original,dev,1,TbUBpfn6iP,1,
103,546,acl10489,546,African Americans are monkeys,hate,notgiven,notgiven,original,dev,1,TrRF46JWfP,1,
104,548,acl10490,548,those black men look alike this black duck,hate,notgiven,notgiven,original,dev,1,vDe7GN0NrL,1,
105,551,acl10493,551,Gays are lower mammels.,hate,notgiven,notgiven,original,dev,1,LqLKTtrOmx,1,
106,558,acl105,558,Refugees are disgusting,hate,notgiven,notgiven,original,train,1,vDe7GN0NrL,1,
107,559,acl1050,559,i feel like all women should go to hell,hate,notgiven,notgiven,original,train,1,LqLKTtrOmx,1,
108,560,acl10500,560,I do not like r3tards,hate,notgiven,notgiven,original,dev,1,QiOKkCi7F8,1,
109,569,acl10509,569,Zionists are creepy,hate,notgiven,notgiven,original,dev,1,TrRF46JWfP,1,
110,577,acl10516,577,All terrorists want to me Muslim,hate,notgiven,notgiven,original,dev,1,LqLKTtrOmx,1,
111,584,acl10522,584,I don't want to work with black people,hate,notgiven,notgiven,original,dev,1,CAgNlUizNm,1,
112,590,acl10528,590,all immigrants are sh!t !,hate,notgiven,notgiven,original,dev,1,TrRF46JWfP,1,
113,591,acl10529,591,White people will always be better than black ones,hate,notgiven,notgiven,original,dev,1,oemYWm1Tjg,1,
114,596,acl10533,596,Women are bitchy,hate,notgiven,notgiven,original,dev,1,CAgNlUizNm,1,
115,607,acl10543,607,Muslims will be the downfall of humanity,hate,notgiven,notgiven,original,dev,1,CAgNlUizNm,1,
116,616,acl10551,616,Romanians are dirty,hate,notgiven,notgiven,original,dev,1,CAgNlUizNm,1,
117,623,acl10558,623,Arabs are terrorists,hate,notgiven,notgiven,original,dev,1,vDe7GN0NrL,1,
118,627,acl10561,627,women are good for nothing,hate,notgiven,notgiven,original,dev,1,QiOKkCi7F8,1,
119,631,acl10565,631,Indians are repulsive,hate,notgiven,notgiven,original,dev,1,CAgNlUizNm,1,
120,650,acl10582,650,I will hurt every transvestite,hate,notgiven,notgiven,original,dev,1,QiOKkCi7F8,1,
121,651,acl10583,651,Jews don't belong here,hate,notgiven,notgiven,original,dev,1,CAgNlUizNm,1,
122,659,acl10590,659,This black spider looks exactly like these black women,hate,notgiven,notgiven,original,dev,1,vDe7GN0NrL,1,
123,672,acl10601,672,transvestites are wrong,hate,notgiven,notgiven,original,dev,1,QiOKkCi7F8,1,
124,675,acl10604,675,black lives matter protesters are terrorists,hate,notgiven,notgiven,original,dev,1,TbUBpfn6iP,1,
125,678,acl10607,678,the real virus isn't corona; it's them gays,hate,notgiven,notgiven,original,dev,1,LqLKTtrOmx,1,
126,679,acl10608,679,blacks are wrong,hate,notgiven,notgiven,original,dev,1,QiOKkCi7F8,1,
127,687,acl10615,687,men with disability are not sexy,hate,notgiven,notgiven,original,dev,1,vDe7GN0NrL,1,
128,689,acl10617,689,"women can be whatever they want- maid, mom, slave...",hate,notgiven,notgiven,original,dev,1,LqLKTtrOmx,1,
129,696,acl10623,696,Gays are doing great at disrupting our society,hate,notgiven,notgiven,original,dev,1,GNZuCtwed3,1,
130,697,acl10624,697,Jews were the ruination of this country,hate,notgiven,notgiven,original,dev,1,CAgNlUizNm,1,
131,704,acl10630,704,Jews love corruption,hate,notgiven,notgiven,original,dev,1,LqLKTtrOmx,1,
132,719,acl10644,719,Black women just aren't attractive,hate,notgiven,notgiven,original,dev,1,CAgNlUizNm,1,
133,720,acl10645,720,masks are for terrorists. masks are for Arabs,hate,notgiven,notgiven,original,dev,1,LqLKTtrOmx,1,
134,727,acl10651,727,Mussies should be fed to the pigs,hate,notgiven,notgiven,original,dev,1,TrRF46JWfP,1,
135,728,acl10652,728,gay people deserve the noose,hate,notgiven,notgiven,original,dev,1,LqLKTtrOmx,1,
136,740,acl10663,740,Those dog lovers are disgusting,hate,notgiven,notgiven,original,dev,1,oemYWm1Tjg,1,
137,743,acl10666,743,Mulattas are dirty,hate,notgiven,notgiven,original,dev,1,CAgNlUizNm,1,
138,760,acl10681,760,dalits are worthless,hate,notgiven,notgiven,original,dev,1,TrRF46JWfP,1,
139,772,acl10692,772,Abi-Dabis are lazy,hate,notgiven,notgiven,original,dev,1,TrRF46JWfP,1,
140,784,acl10702,784,Black people are less hygienic,hate,notgiven,notgiven,original,dev,1,oemYWm1Tjg,1,
141,792,acl1071,792,I hate letter box women,hate,notgiven,notgiven,original,train,1,LqLKTtrOmx,1,
142,794,acl10711,794,Burqa women should be burnt at the stake,hate,notgiven,notgiven,original,dev,1,LqLKTtrOmx,1,
143,801,acl10718,801,All female are liars,hate,notgiven,notgiven,original,dev,1,CAgNlUizNm,1,
144,807,acl10723,807,These white men are big as this whale,hate,notgiven,notgiven,original,dev,1,vDe7GN0NrL,1,
145,816,acl10731,816,All Muslims go home,hate,notgiven,notgiven,original,dev,1,CAgNlUizNm,1,
146,819,acl10734,819,Christians hate all hindus,hate,notgiven,notgiven,original,dev,1,LqLKTtrOmx,1,
147,822,acl10737,822,Mozzie women wear black all the time,hate,notgiven,notgiven,original,dev,1,vDe7GN0NrL,1,
148,823,acl10738,823,"Frankly, the so-called boat-refugees deserve to drown",hate,notgiven,notgiven,original,dev,1,TrRF46JWfP,1,
149,830,acl10744,830,Gays must pay for giving everyone HIV,hate,notgiven,notgiven,original,dev,1,LqLKTtrOmx,1,
150,836,acl1075,836,Jewish people are insane,hate,notgiven,notgiven,original,train,1,TbUBpfn6iP,1,
151,843,acl10756,843,Blacks are great.... at being hideous!,hate,notgiven,notgiven,original,dev,1,TrRF46JWfP,1,
152,848,acl10760,848,Agnostics are knockoff atheists,hate,notgiven,notgiven,original,dev,1,LqLKTtrOmx,1,
153,852,acl10764,852,Chinks are creepy,hate,notgiven,notgiven,original,dev,1,TrRF46JWfP,1,
154,853,acl10765,853,Attas are lazy,hate,notgiven,notgiven,original,dev,1,TrRF46JWfP,1,
155,862,acl10773,862,"never visiting lesbos, heard it's full of lesbians!",hate,notgiven,notgiven,original,dev,1,LqLKTtrOmx,1,
156,863,acl10774,863,A!! black Americans should b3 s3nt back to Africa,hate,notgiven,notgiven,original,dev,1,GNZuCtwed3,1,
157,867,acl10778,867,There are Chinks everyhere! Its like the plague!,hate,notgiven,notgiven,original,dev,1,TrRF46JWfP,1,
158,869,acl1078,869,hate all those burqa letter box women,hate,notgiven,notgiven,original,train,1,LqLKTtrOmx,1,
159,870,acl10780,870,jews cannot be trusted,hate,notgiven,notgiven,original,dev,1,TbUBpfn6iP,1,
160,871,acl10781,871,muslims are subhuman,hate,notgiven,notgiven,original,dev,1,TbUBpfn6iP,1,
161,872,acl10782,872,I will hurt every muslim,hate,notgiven,notgiven,original,dev,1,QiOKkCi7F8,1,
162,877,acl10787,877,Kick Muslims out of the country.,hate,notgiven,notgiven,original,dev,1,LqLKTtrOmx,1,
163,878,acl10788,878,wanna join a cult...be a Muslim,hate,notgiven,notgiven,original,dev,1,LqLKTtrOmx,1,
164,879,acl10789,879,to all the trans: I will hunt you down,hate,notgiven,notgiven,original,dev,1,oemYWm1Tjg,1,
165,887,acl10796,887,"I say I like niggas, but I don't",hate,notgiven,notgiven,original,dev,1,QiOKkCi7F8,1,
166,890,acl10799,890,Jews hate everyone that aren't them,hate,notgiven,notgiven,original,dev,1,LqLKTtrOmx,1,
167,895,acl10802,895,can't wait to hear all liberals are dead,hate,notgiven,notgiven,original,dev,1,LqLKTtrOmx,1,
168,896,acl10803,896,Blacks are uncouth,hate,notgiven,notgiven,original,dev,1,CAgNlUizNm,1,
169,901,acl10808,901,I encourage the murder of Christians,hate,notgiven,notgiven,original,dev,1,CAgNlUizNm,1,
170,908,acl10814,908,Muslims love killing people,hate,notgiven,notgiven,original,dev,1,LqLKTtrOmx,1,
171,913,acl10819,913,Black men are not kind,hate,notgiven,notgiven,original,dev,1,CAgNlUizNm,1,
172,922,acl10827,922,warning to all muslims: stay away from me,hate,notgiven,notgiven,original,dev,1,LqLKTtrOmx,1,
173,928,acl10832,928,Blacks are so self-centred!,hate,notgiven,notgiven,original,dev,1,TrRF46JWfP,1,
174,930,acl10834,930,Muslims are all Nernderals,hate,notgiven,notgiven,original,dev,1,CAgNlUizNm,1,
175,934,acl10838,934,women are emotionally feeble,hate,notgiven,notgiven,original,dev,1,TbUBpfn6iP,1,
176,935,acl10839,935,Gays are secret amphibians.,hate,notgiven,notgiven,original,dev,1,LqLKTtrOmx,1,
177,936,acl1084,936,pregnant women look like cows when coming to weight,hate,notgiven,notgiven,original,train,1,vDe7GN0NrL,1,
178,941,acl10844,941,Get rid of all the mentally retarded people,hate,notgiven,notgiven,original,dev,1,CAgNlUizNm,1,
179,947,acl1085,947,pregnant women look too fatty as a bear,hate,notgiven,notgiven,original,train,1,vDe7GN0NrL,1,
180,949,acl10851,949,Hindus hate all christians,hate,notgiven,notgiven,original,dev,1,TbUBpfn6iP,1,
181,984,acl10883,984,Refugees are dirty,hate,notgiven,notgiven,original,dev,1,vDe7GN0NrL,1,
182,986,acl10885,986,warning to all jews: stay away from me,hate,notgiven,notgiven,original,dev,1,LqLKTtrOmx,1,
183,1012,acl10908,1012,All black women are black fliers,hate,notgiven,notgiven,original,dev,1,vDe7GN0NrL,1,
184,1015,acl10910,1015,Blacks make great slaves,hate,notgiven,notgiven,original,dev,1,CAgNlUizNm,1,
185,1016,acl10911,1016,i hate limp wristed guys,hate,notgiven,notgiven,original,dev,1,LqLKTtrOmx,1,
186,1021,acl10916,1021,Gays are camouflaged reptiles,hate,notgiven,notgiven,original,dev,1,LqLKTtrOmx,1,
187,1023,acl10918,1023,All black men sell drugs,hate,notgiven,notgiven,original,dev,1,CAgNlUizNm,1,
188,1030,acl10924,1030,transvestites should not be alive,hate,notgiven,notgiven,original,dev,1,QiOKkCi7F8,1,
189,1033,acl10927,1033,muslims hate all Buddhists,hate,notgiven,notgiven,original,dev,1,LqLKTtrOmx,1,
190,1038,acl10931,1038,Gay men hate women,hate,notgiven,notgiven,original,dev,1,CAgNlUizNm,1,
191,1042,acl10935,1042,Muslims are so backwards,hate,notgiven,notgiven,original,dev,1,TrRF46JWfP,1,
192,1045,acl10938,1045,old people should be where they belong: trash,hate,notgiven,notgiven,original,dev,1,oemYWm1Tjg,1,
193,1061,acl10952,1061,You are just a bitch,hate,notgiven,notgiven,original,dev,1,GNZuCtwed3,1,
194,1074,acl10964,1074,trans people are purposeless,hate,notgiven,notgiven,original,dev,1,QiOKkCi7F8,1,
195,1077,acl10967,1077,asians are useless,hate,notgiven,notgiven,original,dev,1,QiOKkCi7F8,1,
196,1083,acl10972,1083,Muslims are traitors to the nation,hate,notgiven,notgiven,original,dev,1,GNZuCtwed3,1,
197,1085,acl10974,1085,I dislike transvestites,hate,notgiven,notgiven,original,dev,1,QiOKkCi7F8,1,
198,1087,acl10976,1087,women should be buried alive,hate,notgiven,notgiven,original,dev,1,TbUBpfn6iP,1,
199,1088,acl10977,1088,All black men are undateable,hate,notgiven,notgiven,original,dev,1,vDe7GN0NrL,1,
